timestamp,ticker,type,date,strike,price,bid,ask,ltcg,prob,raw_yield,gross,real_profit,otm,rsi,mid_raw
2025-12-27 06:49:27,SCHD,Put,2026-01-23,27.5,0.2,0.15,0.25,11.25,38.77,10.21,13.61,0.2,,58.56,0.2
2025-12-27 06:49:27,SCHD,Put,2026-01-30,27.5,0.25,0.2,0.3,11.12,39.42,10.06,13.46,0.25,,58.56,0.25
2025-12-27 06:49:27,AMZN,Call,2026-01-23,255.0,0.55,0.56,0.61,2.75,8.53,3.32,,,9.67,55.44,
2025-12-27 06:49:27,AMZN,Call,2026-01-30,260.0,0.55,0.55,0.6,2.16,7.69,2.62,,,11.82,55.44,
2025-12-27 06:49:27,AMZN,Call,2026-01-23,260.0,0.3,0.31,0.36,1.5,5.2,1.81,,,11.82,55.44,
2025-12-27 06:49:27,AMZN,Call,2026-01-30,265.0,0.35,0.23,0.49,1.38,5.99,1.66,,,13.97,55.44,
2025-12-27 06:49:27,AMZN,Call,2026-01-23,265.0,0.2,0.19,0.23,1.0,3.32,1.21,,,13.97,55.44,
2025-12-27 06:49:27,MSFT,Call,2026-01-23,525.0,0.9,0.86,0.95,2.14,8.24,2.59,,,7.65,50.25,
2025-12-27 06:49:27,MSFT,Call,2026-01-23,530.0,0.6,0.58,0.67,1.43,5.98,1.73,,,8.67,50.25,
2025-12-27 06:49:27,MSFT,Call,2026-01-23,535.0,0.4,0.42,0.48,0.95,4.35,1.15,,,9.7,50.25,
2025-12-27 06:49:27,MSFT,Call,2026-01-23,540.0,0.25,0.26,0.33,0.59,3.06,0.72,,,10.72,50.25,
2025-12-27 06:49:27,MSFT,Call,2026-01-23,545.0,0.2,0.17,0.26,0.48,2.38,0.58,,,11.75,50.25,
2025-12-27 07:18:04,SCHD,Put,2026-01-23,27.5,0.2,0.15,0.25,11.25,38.77,10.21,13.61,0.2,,58.56,0.2
2025-12-27 07:18:04,SCHD,Put,2026-01-30,27.5,0.25,0.2,0.3,11.12,39.42,10.06,13.46,0.25,,58.56,0.25
2025-12-27 07:18:04,AMZN,Call,2026-01-23,255.0,0.55,0.56,0.61,2.75,8.53,3.32,,,9.67,55.44,
2025-12-27 07:18:04,AMZN,Call,2026-01-30,260.0,0.55,0.55,0.6,2.16,7.69,2.62,,,11.82,55.44,
2025-12-27 07:18:04,AMZN,Call,2026-01-23,260.0,0.3,0.31,0.36,1.5,5.2,1.81,,,11.82,55.44,
2025-12-27 07:18:04,AMZN,Call,2026-01-30,265.0,0.35,0.23,0.49,1.38,5.99,1.66,,,13.97,55.44,
2025-12-27 07:18:04,AMZN,Call,2026-01-23,265.0,0.2,0.19,0.23,1.0,3.32,1.21,,,13.97,55.44,
2025-12-27 07:18:04,MSFT,Call,2026-01-23,525.0,0.9,0.86,0.95,2.14,8.24,2.59,,,7.65,50.25,
2025-12-27 07:18:04,MSFT,Call,2026-01-23,530.0,0.6,0.58,0.67,1.43,5.98,1.73,,,8.67,50.25,
2025-12-27 07:18:04,MSFT,Call,2026-01-23,535.0,0.4,0.42,0.48,0.95,4.35,1.15,,,9.7,50.25,
2025-12-27 07:18:04,MSFT,Call,2026-01-23,540.0,0.25,0.26,0.33,0.59,3.06,0.72,,,10.72,50.25,
2025-12-27 07:18:04,MSFT,Call,2026-01-23,545.0,0.2,0.17,0.26,0.48,2.38,0.58,,,11.75,50.25,
2025-12-27 07:32:07,SCHD,Put,2026-01-23,27.5,0.2,0.15,0.25,11.25,38.77,10.21,13.61,0.2,,58.56,0.2
2025-12-27 07:32:07,SCHD,Put,2026-01-30,27.5,0.25,0.2,0.3,11.12,39.42,10.06,13.46,0.25,,58.56,0.25
2025-12-27 07:32:07,AMZN,Call,2026-01-23,255.0,0.55,0.56,0.61,2.75,8.53,3.32,,,9.67,55.44,
2025-12-27 07:32:07,AMZN,Call,2026-01-30,260.0,0.55,0.55,0.6,2.16,7.69,2.62,,,11.82,55.44,
2025-12-27 07:32:07,AMZN,Call,2026-01-23,260.0,0.3,0.31,0.36,1.5,5.2,1.81,,,11.82,55.44,
2025-12-27 07:32:07,AMZN,Call,2026-01-30,265.0,0.35,0.23,0.49,1.38,5.99,1.66,,,13.97,55.44,
2025-12-27 07:32:07,AMZN,Call,2026-01-23,265.0,0.2,0.19,0.23,1.0,3.32,1.21,,,13.97,55.44,
2025-12-27 07:32:07,MSFT,Call,2026-01-23,525.0,0.9,0.86,0.95,2.14,8.24,2.59,,,7.65,50.25,
2025-12-27 07:32:07,MSFT,Call,2026-01-23,530.0,0.6,0.58,0.67,1.43,5.98,1.73,,,8.67,50.25,
2025-12-27 07:32:07,MSFT,Call,2026-01-23,535.0,0.4,0.42,0.48,0.95,4.35,1.15,,,9.7,50.25,
2025-12-27 07:32:07,MSFT,Call,2026-01-23,540.0,0.25,0.26,0.33,0.59,3.06,0.72,,,10.72,50.25,
2025-12-27 07:32:07,MSFT,Call,2026-01-23,545.0,0.2,0.17,0.26,0.48,2.38,0.58,,,11.75,50.25,
2025-12-27 07:48:25,SCHD,Put,2026-01-23,27.5,0.2,0.15,0.25,11.25,38.77,10.21,13.61,0.2,,58.56,0.2
2025-12-27 07:48:25,SCHD,Put,2026-01-30,27.5,0.25,0.2,0.3,11.12,39.42,10.06,13.46,0.25,,58.56,0.25
2025-12-27 07:48:25,AMZN,Call,2026-01-23,255.0,0.55,0.56,0.61,2.75,8.53,3.32,,,9.67,55.44,
2025-12-27 07:48:25,AMZN,Call,2026-01-30,260.0,0.55,0.55,0.6,2.16,7.69,2.62,,,11.82,55.44,
2025-12-27 07:48:25,AMZN,Call,2026-01-23,260.0,0.3,0.31,0.36,1.5,5.2,1.81,,,11.82,55.44,
2025-12-27 07:48:25,AMZN,Call,2026-01-30,265.0,0.35,0.23,0.49,1.38,5.99,1.66,,,13.97,55.44,
2025-12-27 07:48:25,AMZN,Call,2026-01-23,265.0,0.2,0.19,0.23,1.0,3.32,1.21,,,13.97,55.44,
2025-12-27 07:48:25,MSFT,Call,2026-01-23,525.0,0.9,0.86,0.95,2.14,8.24,2.59,,,7.65,50.25,
2025-12-27 07:48:25,MSFT,Call,2026-01-23,530.0,0.6,0.58,0.67,1.43,5.98,1.73,,,8.67,50.25,
2025-12-27 07:48:25,MSFT,Call,2026-01-23,535.0,0.4,0.42,0.48,0.95,4.35,1.15,,,9.7,50.25,
2025-12-27 07:48:25,MSFT,Call,2026-01-23,540.0,0.25,0.26,0.33,0.59,3.06,0.72,,,10.72,50.25,
2025-12-27 07:48:25,MSFT,Call,2026-01-23,545.0,0.2,0.17,0.26,0.48,2.38,0.58,,,11.75,50.25,
2025-12-27 15:43:30,SCHD,Put,2026-01-23,27.5,0.2,0.15,0.25,11.25,38.77,10.21,13.61,0.2,,58.56,0.2
2025-12-27 15:43:30,SCHD,Put,2026-01-30,27.5,0.25,0.2,0.3,11.12,39.42,10.06,13.46,0.25,,58.56,0.25
2025-12-27 15:43:30,AMZN,Call,2026-01-23,255.0,0.55,0.56,0.61,2.75,8.53,3.32,,,9.67,55.44,
2025-12-27 15:43:30,AMZN,Call,2026-01-30,260.0,0.55,0.55,0.6,2.16,7.69,2.62,,,11.82,55.44,
2025-12-27 15:43:30,AMZN,Call,2026-01-23,260.0,0.3,0.31,0.36,1.5,5.2,1.81,,,11.82,55.44,
2025-12-27 15:43:30,AMZN,Call,2026-01-30,265.0,0.35,0.23,0.49,1.38,5.99,1.66,,,13.97,55.44,
2025-12-27 15:43:30,AMZN,Call,2026-01-23,265.0,0.2,0.19,0.23,1.0,3.32,1.21,,,13.97,55.44,
2025-12-27 15:43:30,MSFT,Call,2026-01-23,525.0,0.9,0.86,0.95,2.14,8.24,2.59,,,7.65,50.25,
2025-12-27 15:43:30,MSFT,Call,2026-01-23,530.0,0.6,0.58,0.67,1.43,5.98,1.73,,,8.67,50.25,
2025-12-27 15:43:30,MSFT,Call,2026-01-23,535.0,0.4,0.42,0.48,0.95,4.35,1.15,,,9.7,50.25,
2025-12-27 15:43:30,MSFT,Call,2026-01-23,540.0,0.25,0.26,0.33,0.59,3.06,0.72,,,10.72,50.25,
2025-12-27 15:43:30,MSFT,Call,2026-01-23,545.0,0.2,0.17,0.26,0.48,2.38,0.58,,,11.75,50.25,
2025-12-27 20:38:28,SCHD,Put,2026-01-23,27.5,0.2,0.15,0.25,11.25,38.77,10.21,13.61,0.2,,58.56,0.2
2025-12-27 20:38:28,SCHD,Put,2026-01-30,27.5,0.25,0.2,0.3,11.12,39.42,10.06,13.46,0.25,,58.56,0.25
2025-12-27 20:38:28,AMZN,Call,2026-01-23,255.0,0.55,0.56,0.61,2.75,8.53,3.32,,,9.67,55.44,
2025-12-27 20:38:28,AMZN,Call,2026-01-30,260.0,0.55,0.55,0.6,2.16,7.69,2.62,,,11.82,55.44,
2025-12-27 20:38:28,AMZN,Call,2026-01-23,260.0,0.3,0.31,0.36,1.5,5.2,1.81,,,11.82,55.44,
2025-12-27 20:38:28,AMZN,Call,2026-01-30,265.0,0.35,0.23,0.49,1.38,5.99,1.66,,,13.97,55.44,
2025-12-27 20:38:28,AMZN,Call,2026-01-23,265.0,0.2,0.19,0.23,1.0,3.32,1.21,,,13.97,55.44,
2025-12-27 20:38:28,MSFT,Call,2026-01-23,525.0,0.9,0.86,0.95,2.14,8.24,2.59,,,7.65,50.25,
2025-12-27 20:38:28,MSFT,Call,2026-01-23,530.0,0.6,0.58,0.67,1.43,5.98,1.73,,,8.67,50.25,
2025-12-27 20:38:28,MSFT,Call,2026-01-23,535.0,0.4,0.42,0.48,0.95,4.35,1.15,,,9.7,50.25,
2025-12-27 20:38:28,MSFT,Call,2026-01-23,540.0,0.25,0.26,0.33,0.59,3.06,0.72,,,10.72,50.25,
2025-12-27 20:38:28,MSFT,Call,2026-01-23,545.0,0.2,0.17,0.26,0.48,2.38,0.58,,,11.75,50.25,
2025-12-28 02:37:07,SCHD,Put,2026-01-23,27.5,0.2,0.15,0.25,11.59,38.89,10.62,14.02,0.2,,58.56,0.2
2025-12-28 02:37:07,SCHD,Put,2026-01-30,27.5,0.25,0.2,0.3,11.38,39.51,10.37,13.77,0.25,,58.56,0.25
2025-12-28 02:37:07,AMZN,Call,2026-01-23,255.0,0.55,0.56,0.61,2.86,8.48,3.45,,,9.67,55.44,
2025-12-28 02:37:07,AMZN,Call,2026-01-23,260.0,0.3,0.31,0.36,1.56,5.15,1.88,,,11.82,55.44,
2025-12-28 02:37:07,AMZN,Call,2026-01-23,265.0,0.2,0.19,0.23,1.04,3.28,1.26,,,13.97,55.44,
2025-12-29 15:13:27,SCHD,Put,2026-01-30,27.5,0.2,0.15,0.3,9.89,38.37,8.56,11.96,0.2,59.51,0.22
2025-12-29 15:36:27,SCHD,Put,2026-01-30,27.5,0.25,0.2,0.3,11.66,39.07,10.7,14.1,0.25,58.97,0.25
2025-12-29 15:49:28,SCHD,Put,2026-01-30,27.5,0.2,0.2,0.25,9.89,37.59,8.56,11.96,0.2,58.93,0.22
2025-12-29 16:14:44,SCHD,Put,2026-02-06,27.5,0.25,0.2,0.3,10.03,38.91,8.73,12.13,0.25,58.56,0.25
2025-12-29 16:14:44,SCHD,Put,2026-01-30,27.5,0.2,0.2,0.25,9.89,38.18,8.56,11.96,0.2,58.56,0.22
2025-12-29 16:43:20,SCHD,Put,2026-02-06,27.5,0.25,0.2,0.3,10.03,40.26,8.73,12.13,0.25,57.23,0.25
2025-12-29 16:43:20,SCHD,Put,2026-01-30,27.5,0.2,0.2,0.25,9.89,39.76,8.56,11.96,0.2,57.23,0.22
2025-12-29 17:11:42,SCHD,Put,2026-02-06,27.5,0.25,0.2,0.3,10.03,40.37,8.73,12.13,0.25,57.06,0.25
2025-12-29 17:11:42,SCHD,Put,2026-01-30,27.5,0.2,0.2,0.25,9.89,39.89,8.56,11.96,0.2,57.06,0.22
2025-12-29 17:34:12,SCHD,Put,2026-02-06,27.5,0.25,0.2,0.3,10.03,40.74,8.73,12.13,0.25,56.74,0.25
2025-12-29 17:34:12,SCHD,Put,2026-01-30,27.5,0.2,0.2,0.25,9.89,40.28,8.56,11.96,0.2,56.74,0.22
2025-12-29 17:47:49,SCHD,Put,2026-02-06,27.5,0.3,0.2,0.45,11.47,43.0,10.48,13.88,0.3,56.9,0.32
2025-12-29 17:47:49,SCHD,Put,2026-01-30,27.5,0.2,0.2,0.25,9.89,40.2,8.56,11.96,0.2,56.9,0.22
2025-12-29 18:18:18,SCHD,Put,2026-02-06,27.5,0.25,0.25,0.35,10.03,40.65,8.73,12.13,0.25,57.88,0.3
2025-12-29 18:18:18,SCHD,Put,2026-01-30,27.5,0.2,0.2,0.25,9.89,38.93,8.56,11.96,0.2,57.88,0.22
2025-12-29 18:48:09,SCHD,Put,2026-02-06,27.5,0.25,0.25,0.35,10.03,40.57,8.73,12.13,0.25,57.89,0.3
2025-12-29 18:48:09,SCHD,Put,2026-01-30,27.5,0.2,0.2,0.25,9.89,38.77,8.56,11.96,0.2,57.89,0.22
2025-12-29 19:10:10,SCHD,Put,2026-02-06,27.5,0.25,0.25,0.35,10.03,41.05,8.73,12.13,0.25,57.46,0.3
2025-12-29 19:10:10,SCHD,Put,2026-01-30,27.5,0.2,0.2,0.25,9.89,39.4,8.56,11.96,0.2,57.46,0.22
2025-12-29 19:29:31,SCHD,Put,2026-02-06,27.5,0.25,0.25,0.35,10.03,40.84,8.73,12.13,0.25,57.69,0.3
2025-12-29 19:29:31,SCHD,Put,2026-01-30,27.5,0.2,0.2,0.25,9.89,39.12,8.56,11.96,0.2,57.69,0.22
2025-12-29 19:44:18,SCHD,Put,2026-02-06,27.5,0.25,0.25,0.35,10.03,40.36,8.73,12.13,0.25,58.22,0.3
2025-12-29 19:44:18,SCHD,Put,2026-01-30,27.5,0.2,0.2,0.25,9.89,38.52,8.56,11.96,0.2,58.22,0.22
2025-12-29 20:14:28,SCHD,Put,2026-02-06,27.5,0.25,0.25,0.35,10.03,40.23,8.73,12.13,0.25,58.34,0.3
2025-12-29 20:14:28,SCHD,Put,2026-01-30,27.5,0.2,0.2,0.25,9.89,38.4,8.56,11.96,0.2,58.34,0.22
2025-12-29 20:38:39,SCHD,Put,2026-02-06,27.5,0.25,0.25,0.35,10.03,40.39,8.73,12.13,0.25,58.23,0.3
2025-12-29 20:38:39,SCHD,Put,2026-01-30,27.5,0.2,0.2,0.25,9.89,38.62,8.56,11.96,0.2,58.23,0.22
2025-12-29 20:51:17,SCHD,Put,2026-02-06,27.5,0.25,0.25,0.35,10.03,40.76,8.73,12.13,0.25,57.75,0.3
2025-12-29 20:51:17,SCHD,Put,2026-01-30,27.5,0.2,0.2,0.25,9.89,39.08,8.56,11.96,0.2,57.75,0.22
2025-12-29 21:11:11,SCHD,Put,2026-02-06,27.5,0.25,0.25,0.35,10.03,41.17,8.73,12.13,0.25,57.28,0.3
2025-12-29 21:11:11,SCHD,Put,2026-01-30,27.5,0.2,0.2,0.25,9.89,39.55,8.56,11.96,0.2,57.28,0.22
2025-12-29 21:31:57,SCHD,Put,2026-02-06,27.5,0.25,0.25,0.35,10.03,40.64,8.73,12.13,0.25,57.84,0.3
2025-12-29 21:31:57,SCHD,Put,2026-01-30,27.5,0.2,0.2,0.25,9.89,38.92,8.56,11.96,0.2,57.84,0.22
2025-12-29 21:46:10,SCHD,Put,2026-02-06,27.5,0.25,0.25,0.35,10.03,40.64,8.73,12.13,0.25,57.84,0.3
2025-12-29 21:46:10,SCHD,Put,2026-01-30,27.5,0.2,0.2,0.25,9.89,38.92,8.56,11.96,0.2,57.84,0.22
2025-12-30 15:13:02,SCHD,Put,2026-02-06,27.5,0.25,0.2,0.3,10.23,40.17,8.97,12.37,0.25,57.3,0.25
2025-12-30 15:13:02,SCHD,Put,2026-01-30,27.5,0.2,0.15,0.25,10.13,39.58,8.85,12.25,0.2,57.3,0.2
2025-12-30 15:35:56,SCHD,Put,2026-02-06,27.5,0.25,0.2,0.3,10.23,41.39,8.97,12.37,0.25,56.09,0.25
2025-12-30 15:35:56,SCHD,Put,2026-01-30,27.5,0.2,0.15,0.25,10.13,41.07,8.85,12.25,0.2,56.09,0.2
2025-12-30 15:48:58,SCHD,Put,2026-02-06,27.5,0.25,0.2,0.3,10.23,41.15,8.97,12.37,0.25,56.32,0.25
2025-12-30 15:48:58,SCHD,Put,2026-01-30,27.5,0.2,0.2,0.25,10.13,40.74,8.85,12.25,0.2,56.32,0.22
2025-12-30 16:15:26,SCHD,Put,2026-02-06,27.5,0.25,0.2,0.3,10.23,41.26,8.97,12.37,0.25,56.24,0.25
2025-12-30 16:15:26,SCHD,Put,2026-01-30,27.5,0.2,0.2,0.25,10.13,40.88,8.85,12.25,0.2,56.24,0.22
2025-12-30 16:45:43,SCHD,Put,2026-02-06,27.5,0.25,0.2,0.3,10.23,40.84,8.97,12.37,0.25,56.6,0.25
2025-12-30 16:45:43,SCHD,Put,2026-01-30,27.5,0.2,0.2,0.25,10.13,40.43,8.85,12.25,0.2,56.6,0.22
2025-12-30 17:13:44,SCHD,Put,2026-02-06,27.5,0.25,0.2,0.3,10.23,41.49,8.97,12.37,0.25,56.02,0.25
2025-12-30 17:13:44,SCHD,Put,2026-01-30,27.5,0.2,0.15,0.25,10.13,41.16,8.85,12.25,0.2,56.02,0.2
2025-12-30 17:36:28,SCHD,Put,2026-02-06,27.5,0.25,0.2,0.3,10.23,39.86,8.97,12.37,0.25,57.48,0.25
2025-12-30 17:36:28,SCHD,Put,2026-01-30,27.5,0.2,0.2,0.25,10.13,39.27,8.85,12.25,0.2,57.48,0.22
2025-12-30 17:49:17,SCHD,Put,2026-02-06,27.5,0.25,0.2,0.3,10.23,40.32,8.97,12.37,0.25,57.12,0.25
2025-12-30 17:49:17,SCHD,Put,2026-01-30,27.5,0.2,0.2,0.25,10.13,39.81,8.85,12.25,0.2,57.12,0.22
2025-12-30 18:18:35,SCHD,Put,2026-02-06,27.5,0.25,0.2,0.3,10.23,40.15,8.97,12.37,0.25,57.32,0.25
2025-12-30 18:18:35,SCHD,Put,2026-01-30,27.5,0.2,0.2,0.25,10.13,39.61,8.85,12.25,0.2,57.32,0.22
2025-12-30 18:49:51,SCHD,Put,2026-02-06,27.5,0.25,0.2,0.3,10.23,39.46,8.97,12.37,0.25,57.99,0.25
2025-12-30 18:49:51,SCHD,Put,2026-01-30,27.5,0.2,0.2,0.25,10.13,38.8,8.85,12.25,0.2,57.99,0.22
2025-12-30 19:11:11,SCHD,Put,2026-02-06,27.5,0.25,0.2,0.3,10.23,40.13,8.97,12.37,0.25,57.34,0.25
2025-12-30 19:11:11,SCHD,Put,2026-01-30,27.5,0.2,0.2,0.25,10.13,39.58,8.85,12.25,0.2,57.34,0.22
2025-12-30 19:29:34,SCHD,Put,2026-02-06,27.5,0.25,0.2,0.3,10.23,40.09,8.97,12.37,0.25,57.36,0.25
2025-12-30 19:29:34,SCHD,Put,2026-01-30,27.5,0.2,0.2,0.25,10.13,39.54,8.85,12.25,0.2,57.36,0.22
2025-12-30 19:44:14,SCHD,Put,2026-02-06,27.5,0.25,0.2,0.3,10.23,39.5,8.97,12.37,0.25,57.97,0.25
2025-12-30 19:44:14,SCHD,Put,2026-01-30,27.5,0.2,0.2,0.25,10.13,38.84,8.85,12.25,0.2,57.97,0.22
2025-12-30 20:14:02,SCHD,Put,2026-02-06,27.5,0.25,0.2,0.3,10.23,39.32,8.97,12.37,0.25,58.1,0.25
2025-12-30 20:14:02,SCHD,Put,2026-01-30,27.5,0.2,0.2,0.25,10.13,38.69,8.85,12.25,0.2,58.1,0.22
2025-12-30 20:37:33,SCHD,Put,2026-02-06,27.5,0.25,0.2,0.3,10.23,38.89,8.97,12.37,0.25,58.47,0.25
2025-12-30 20:37:33,SCHD,Put,2026-01-30,27.5,0.2,0.2,0.25,10.13,38.18,8.85,12.25,0.2,58.47,0.22
2025-12-30 20:49:58,SCHD,Put,2026-02-06,27.5,0.25,0.2,0.3,10.23,39.14,8.97,12.37,0.25,58.23,0.25
2025-12-30 20:49:58,SCHD,Put,2026-01-30,27.5,0.2,0.2,0.25,10.13,38.48,8.85,12.25,0.2,58.23,0.22
2025-12-30 21:11:43,SCHD,Put,2026-02-06,27.5,0.25,0.2,0.3,10.23,39.63,8.97,12.37,0.25,57.84,0.25
2025-12-30 21:11:43,SCHD,Put,2026-01-30,27.5,0.2,0.2,0.25,10.13,39.05,8.85,12.25,0.2,57.84,0.22
2025-12-30 21:33:28,SCHD,Put,2026-02-06,27.5,0.25,0.2,0.3,10.23,39.32,8.97,12.37,0.25,58.1,0.25
2025-12-30 21:33:28,SCHD,Put,2026-01-30,27.5,0.2,0.2,0.25,10.13,38.69,8.85,12.25,0.2,58.1,0.22
2025-12-30 21:46:57,SCHD,Put,2026-02-06,27.5,0.25,0.2,0.3,10.23,39.32,8.97,12.37,0.25,58.1,0.25
2025-12-30 21:46:57,SCHD,Put,2026-01-30,27.5,0.2,0.2,0.25,10.13,38.69,8.85,12.25,0.2,58.1,0.22
2025-12-31 15:12:42,SCHD,Put,2026-02-06,27.5,0.3,0.2,0.5,11.96,44.79,11.06,14.46,0.3,54.98,0.35
2025-12-31 15:12:42,SCHD,Put,2026-01-30,27.5,0.2,0.15,0.3,10.38,43.36,9.15,12.55,0.2,54.98,0.22
2025-12-31 15:12:42,SCHD,Put,2026-02-20,27.0,0.15,0.1,0.25,6.16,27.46,4.06,7.46,0.15,54.98,0.18
2025-12-31 15:34:21,SCHD,Put,2026-02-06,27.5,0.3,0.2,0.4,11.96,44.47,11.06,14.46,0.3,54.46,0.3
2025-12-31 15:34:21,SCHD,Put,2026-01-30,27.5,0.2,0.15,0.25,10.38,43.11,9.15,12.55,0.2,54.46,0.2
2025-12-31 15:34:21,SCHD,Put,2026-02-20,27.0,0.2,0.15,0.25,7.28,27.73,5.41,8.81,0.2,54.46,0.2
2025-12-31 15:47:17,SCHD,Put,2026-02-20,27.0,0.2,0.15,0.25,7.28,28.05,5.41,8.81,0.2,53.65,0.2
2025-12-31 16:15:15,SCHD,Put,2026-02-20,27.0,0.2,0.15,0.25,7.28,28.19,5.41,8.81,0.2,53.49,0.2
2025-12-31 16:43:17,SCHD,Put,2026-02-06,27.5,0.25,0.25,0.35,10.43,44.86,9.22,12.62,0.25,53.65,0.3
2025-12-31 16:43:17,SCHD,Put,2026-02-20,27.0,0.2,0.15,0.25,7.28,28.05,5.41,8.81,0.2,53.65,0.2
2025-12-31 17:11:09,SCHD,Put,2026-02-06,27.5,0.25,0.25,0.35,10.43,44.89,9.22,12.62,0.25,53.62,0.3
2025-12-31 17:11:09,SCHD,Put,2026-02-20,27.0,0.25,0.2,0.3,8.4,30.01,6.76,10.16,0.25,53.62,0.25
2025-12-31 17:33:58,SCHD,Put,2026-01-30,27.5,0.25,0.25,0.3,12.27,44.46,11.44,14.84,0.25,54.13,0.28
2025-12-31 17:33:58,SCHD,Put,2026-02-06,27.5,0.25,0.25,0.35,10.43,44.28,9.22,12.62,0.25,54.13,0.3
2025-12-31 17:33:58,SCHD,Put,2026-02-20,27.0,0.25,0.2,0.3,8.4,29.79,6.76,10.16,0.25,54.13,0.25
2025-12-31 17:46:25,SCHD,Put,2026-01-30,27.5,0.25,0.25,0.3,12.27,44.72,11.44,14.84,0.25,53.95,0.28
2025-12-31 17:46:25,SCHD,Put,2026-02-06,27.5,0.25,0.25,0.35,10.43,44.51,9.22,12.62,0.25,53.95,0.3
2025-12-31 17:46:25,SCHD,Put,2026-02-20,27.0,0.25,0.2,0.3,8.4,29.87,6.76,10.16,0.25,53.95,0.25
2025-12-31 18:17:28,SCHD,Put,2026-01-30,27.5,0.25,0.2,0.3,12.27,44.45,11.44,14.84,0.25,54.13,0.25
2025-12-31 18:17:28,SCHD,Put,2026-02-06,27.5,0.25,0.25,0.35,10.43,44.28,9.22,12.62,0.25,54.13,0.3
2025-12-31 18:17:28,SCHD,Put,2026-02-20,27.0,0.25,0.2,0.3,8.4,29.79,6.76,10.16,0.25,54.13,0.25
2025-12-31 18:47:19,SCHD,Put,2026-01-30,27.5,0.25,0.2,0.3,12.27,43.34,11.44,14.84,0.25,54.98,0.25
2025-12-31 18:47:19,SCHD,Put,2026-02-06,27.5,0.25,0.25,0.35,10.43,43.31,9.22,12.62,0.25,54.98,0.3
2025-12-31 18:47:19,SCHD,Put,2026-02-20,27.0,0.25,0.2,0.3,8.4,29.38,6.76,10.16,0.25,54.98,0.25
2025-12-31 19:09:21,SCHD,Put,2026-01-30,27.5,0.25,0.2,0.3,12.27,42.54,11.44,14.84,0.25,55.69,0.25
2025-12-31 19:09:21,SCHD,Put,2026-02-06,27.5,0.25,0.25,0.35,10.43,42.64,9.22,12.62,0.25,55.69,0.3
2025-12-31 19:09:21,SCHD,Put,2026-02-20,27.0,0.25,0.2,0.3,8.4,29.12,6.76,10.16,0.25,55.69,0.25
2025-12-31 19:28:51,SCHD,Put,2026-01-30,27.5,0.25,0.2,0.3,12.27,43.6,11.44,14.84,0.25,54.77,0.25
2025-12-31 19:28:51,SCHD,Put,2026-02-06,27.5,0.25,0.25,0.35,10.43,43.54,9.22,12.62,0.25,54.77,0.3
2025-12-31 19:28:51,SCHD,Put,2026-02-20,27.0,0.25,0.2,0.3,8.4,29.48,6.76,10.16,0.25,54.77,0.25
2025-12-31 19:44:03,SCHD,Put,2026-01-30,27.5,0.25,0.2,0.3,12.27,43.8,11.44,14.84,0.25,54.64,0.25
2025-12-31 19:44:03,SCHD,Put,2026-02-06,27.5,0.25,0.2,0.35,10.43,43.7,9.22,12.62,0.25,54.64,0.28
2025-12-31 19:44:03,SCHD,Put,2026-02-20,27.0,0.25,0.2,0.3,8.4,29.58,6.76,10.16,0.25,54.64,0.25
2025-12-31 20:13:35,SCHD,Put,2026-02-20,27.0,0.25,0.2,0.3,8.4,30.17,6.76,10.16,0.25,53.35,0.25
2025-12-31 20:36:38,SCHD,Put,2026-01-30,27.5,0.25,0.25,0.3,12.27,44.94,11.44,14.84,0.25,53.8,0.28
2025-12-31 20:36:38,SCHD,Put,2026-02-06,27.5,0.25,0.2,0.35,10.43,44.67,9.22,12.62,0.25,53.8,0.28
2025-12-31 20:36:38,SCHD,Put,2026-02-20,27.0,0.25,0.2,0.3,8.4,29.93,6.76,10.16,0.25,53.8,0.25
2025-12-31 20:48:49,SCHD,Put,2026-02-20,27.0,0.25,0.2,0.3,8.4,30.51,6.76,10.16,0.25,52.66,0.25
2025-12-31 21:10:59,SCHD,Put,2026-02-20,27.0,0.25,0.2,0.3,8.4,31.01,6.76,10.16,0.25,51.62,0.25
2025-12-31 21:32:16,SCHD,Put,2026-01-30,27.0,0.15,0.1,0.2,8.59,28.51,6.99,10.39,0.15,51.2,0.15
2025-12-31 21:32:16,SCHD,Put,2026-02-20,27.0,0.25,0.2,0.3,8.4,31.22,6.76,10.16,0.25,51.2,0.25
2025-12-31 21:45:40,SCHD,Put,2026-01-30,27.0,0.15,0.1,0.2,8.59,28.51,6.99,10.39,0.15,51.2,0.15
2025-12-31 21:45:40,SCHD,Put,2026-02-20,27.0,0.25,0.2,0.3,8.4,31.22,6.76,10.16,0.25,51.2,0.25
2026-01-01 13:28:04,SCHD,Put,2026-01-30,27.0,0.15,0.1,0.2,8.8,28.58,7.24,10.64,0.15,51.2,0.15
2026-01-01 13:28:04,SCHD,Put,2026-02-20,27.0,0.25,0.2,0.3,8.51,31.33,6.9,10.3,0.25,51.2,0.25
2026-01-01 13:53:04,SCHD,Put,2026-01-30,27.0,0.15,0.1,0.2,8.8,28.58,7.24,10.64,0.15,51.2,0.15
2026-01-01 13:53:04,SCHD,Put,2026-02-20,27.0,0.25,0.2,0.3,8.51,31.33,6.9,10.3,0.25,51.2,0.25
2026-01-01 14:12:17,SCHD,Put,2026-01-30,27.0,0.15,0.1,0.2,8.8,28.58,7.24,10.64,0.15,51.2,0.15
2026-01-01 14:12:17,SCHD,Put,2026-02-20,27.0,0.25,0.2,0.3,8.51,31.33,6.9,10.3,0.25,51.2,0.25
2026-01-01 14:36:12,SCHD,Put,2026-01-30,27.0,0.15,0.1,0.2,8.8,28.58,7.24,10.64,0.15,51.2,0.15
2026-01-01 14:36:12,SCHD,Put,2026-02-20,27.0,0.25,0.2,0.3,8.51,31.33,6.9,10.3,0.25,51.2,0.25
2026-01-01 14:49:01,SCHD,Put,2026-01-30,27.0,0.15,0.1,0.2,8.8,28.58,7.24,10.64,0.15,51.2,0.15
2026-01-01 14:49:01,SCHD,Put,2026-02-20,27.0,0.25,0.2,0.3,8.51,31.33,6.9,10.3,0.25,51.2,0.25
2026-01-01 15:12:47,SCHD,Put,2026-01-30,27.0,0.15,0.1,0.2,8.8,28.58,7.24,10.64,0.15,51.2,0.15
2026-01-01 15:12:47,SCHD,Put,2026-02-20,27.0,0.25,0.2,0.3,8.51,31.33,6.9,10.3,0.25,51.2,0.25
2026-01-01 15:35:23,SCHD,Put,2026-01-30,27.0,0.15,0.1,0.2,8.8,28.58,7.24,10.64,0.15,51.2,0.15
2026-01-01 15:35:23,SCHD,Put,2026-02-20,27.0,0.25,0.2,0.3,8.51,31.33,6.9,10.3,0.25,51.2,0.25
2026-01-01 15:47:36,SCHD,Put,2026-01-30,27.0,0.15,0.1,0.2,8.8,28.58,7.24,10.64,0.15,51.2,0.15
2026-01-01 15:47:36,SCHD,Put,2026-02-20,27.0,0.25,0.2,0.3,8.51,31.33,6.9,10.3,0.25,51.2,0.25
2026-01-01 16:15:30,SCHD,Put,2026-01-30,27.0,0.15,0.1,0.2,8.8,28.58,7.24,10.64,0.15,51.2,0.15
2026-01-01 16:15:30,SCHD,Put,2026-02-20,27.0,0.25,0.2,0.3,8.51,31.33,6.9,10.3,0.25,51.2,0.25
2026-01-01 16:44:36,SCHD,Put,2026-01-30,27.0,0.15,0.1,0.2,8.8,28.58,7.24,10.64,0.15,51.2,0.15
2026-01-01 16:44:36,SCHD,Put,2026-02-20,27.0,0.25,0.2,0.3,8.51,31.33,6.9,10.3,0.25,51.2,0.25
2026-01-01 17:12:51,SCHD,Put,2026-01-30,27.0,0.15,0.1,0.2,8.8,28.58,7.24,10.64,0.15,51.2,0.15
2026-01-01 17:12:51,SCHD,Put,2026-02-20,27.0,0.25,0.2,0.3,8.51,31.33,6.9,10.3,0.25,51.2,0.25
2026-01-01 17:34:57,SCHD,Put,2026-01-30,27.0,0.15,0.1,0.2,8.8,28.58,7.24,10.64,0.15,51.2,0.15
2026-01-01 17:34:57,SCHD,Put,2026-02-20,27.0,0.25,0.2,0.3,8.51,31.33,6.9,10.3,0.25,51.2,0.25
2026-01-01 17:47:09,SCHD,Put,2026-01-30,27.0,0.15,0.1,0.2,8.8,28.58,7.24,10.64,0.15,51.2,0.15
2026-01-01 17:47:09,SCHD,Put,2026-02-20,27.0,0.25,0.2,0.3,8.51,31.33,6.9,10.3,0.25,51.2,0.25
2026-01-01 18:17:40,SCHD,Put,2026-01-30,27.0,0.15,0.1,0.2,8.8,28.58,7.24,10.64,0.15,51.2,0.15
2026-01-01 18:17:40,SCHD,Put,2026-02-20,27.0,0.25,0.2,0.3,8.51,31.33,6.9,10.3,0.25,51.2,0.25
2026-01-01 18:47:45,SCHD,Put,2026-01-30,27.0,0.15,0.1,0.2,8.8,28.58,7.24,10.64,0.15,51.2,0.15
2026-01-01 18:47:45,SCHD,Put,2026-02-20,27.0,0.25,0.2,0.3,8.51,31.33,6.9,10.3,0.25,51.2,0.25
2026-01-01 19:10:09,SCHD,Put,2026-01-30,27.0,0.15,0.1,0.2,8.8,28.58,7.24,10.64,0.15,51.2,0.15
2026-01-01 19:10:09,SCHD,Put,2026-02-20,27.0,0.25,0.2,0.3,8.51,31.33,6.9,10.3,0.25,51.2,0.25
2026-01-01 19:29:28,SCHD,Put,2026-01-30,27.0,0.15,0.1,0.2,8.8,28.58,7.24,10.64,0.15,51.2,0.15
2026-01-01 19:29:28,SCHD,Put,2026-02-20,27.0,0.25,0.2,0.3,8.51,31.33,6.9,10.3,0.25,51.2,0.25
2026-01-01 19:44:22,SCHD,Put,2026-01-30,27.0,0.15,0.1,0.2,8.8,28.58,7.24,10.64,0.15,51.2,0.15
2026-01-01 19:44:22,SCHD,Put,2026-02-20,27.0,0.25,0.2,0.3,8.51,31.33,6.9,10.3,0.25,51.2,0.25
2026-01-01 20:13:50,SCHD,Put,2026-01-30,27.0,0.15,0.1,0.2,8.8,28.58,7.24,10.64,0.15,51.2,0.15
2026-01-01 20:13:50,SCHD,Put,2026-02-20,27.0,0.25,0.2,0.3,8.51,31.33,6.9,10.3,0.25,51.2,0.25
2026-01-01 20:37:45,SCHD,Put,2026-01-30,27.0,0.15,0.1,0.2,8.8,28.58,7.24,10.64,0.15,51.2,0.15
2026-01-01 20:37:45,SCHD,Put,2026-02-20,27.0,0.25,0.2,0.3,8.51,31.33,6.9,10.3,0.25,51.2,0.25
2026-01-01 20:50:24,SCHD,Put,2026-01-30,27.0,0.15,0.1,0.2,8.8,28.58,7.24,10.64,0.15,51.2,0.15
2026-01-01 20:50:24,SCHD,Put,2026-02-20,27.0,0.25,0.2,0.3,8.51,31.33,6.9,10.3,0.25,51.2,0.25
2026-01-01 21:11:47,SCHD,Put,2026-01-30,27.0,0.15,0.1,0.2,8.8,28.58,7.24,10.64,0.15,51.2,0.15
2026-01-01 21:11:47,SCHD,Put,2026-02-20,27.0,0.25,0.2,0.3,8.51,31.33,6.9,10.3,0.25,51.2,0.25
2026-01-01 21:32:44,SCHD,Put,2026-01-30,27.0,0.15,0.1,0.2,8.8,28.58,7.24,10.64,0.15,51.2,0.15
2026-01-01 21:32:44,SCHD,Put,2026-02-20,27.0,0.25,0.2,0.3,8.51,31.33,6.9,10.3,0.25,51.2,0.25
2026-01-01 21:46:05,SCHD,Put,2026-01-30,27.0,0.15,0.1,0.2,8.8,28.58,7.24,10.64,0.15,51.2,0.15
2026-01-01 21:46:05,SCHD,Put,2026-02-20,27.0,0.25,0.2,0.3,8.51,31.33,6.9,10.3,0.25,51.2,0.25
2026-01-02 15:12:49,SCHD,Put,2026-02-20,27.0,0.25,0.25,0.3,8.63,31.04,7.04,10.44,0.25,51.87,0.28
2026-01-02 15:35:53,SCHD,Put,2026-01-30,27.0,0.15,0.15,0.2,9.02,27.45,7.51,10.91,0.15,53.21,0.18
2026-01-02 15:35:53,SCHD,Put,2026-02-20,27.0,0.25,0.2,0.3,8.63,30.32,7.04,10.44,0.25,53.21,0.25
2026-01-02 15:48:59,SCHD,Put,2026-01-30,27.0,0.15,0.1,0.2,9.02,27.07,7.51,10.91,0.15,53.76,0.15
2026-01-02 15:48:59,SCHD,Put,2026-02-20,27.0,0.25,0.25,0.25,8.63,28.02,7.04,10.44,0.25,53.76,0.25
2026-01-02 16:14:44,SCHD,Put,2026-01-30,27.5,0.25,0.25,0.35,12.97,41.19,12.29,15.69,0.25,56.86,0.3
2026-01-02 16:14:44,SCHD,Put,2026-01-30,27.0,0.15,0.1,0.2,9.02,25.14,7.51,10.91,0.15,56.86,0.15
2026-01-02 16:14:44,SCHD,Put,2026-02-20,27.0,0.25,0.2,0.3,8.63,28.23,7.04,10.44,0.25,56.86,0.25
2026-01-02 16:43:29,SCHD,Put,2026-01-30,27.5,0.25,0.2,0.3,12.97,39.46,12.29,15.69,0.25,57.35,0.25
2026-01-02 16:43:29,SCHD,Put,2026-01-30,27.0,0.15,0.1,0.2,9.02,24.81,7.51,10.91,0.15,57.35,0.15
2026-01-02 16:43:29,SCHD,Put,2026-02-20,27.0,0.2,0.2,0.25,7.47,26.01,5.63,9.03,0.2,57.35,0.22
2026-01-02 17:11:29,SCHD,Put,2026-01-30,27.5,0.25,0.2,0.3,12.97,40.04,12.29,15.69,0.25,56.99,0.25
2026-01-02 17:11:29,SCHD,Put,2026-01-30,27.0,0.15,0.1,0.2,9.02,25.11,7.51,10.91,0.15,56.99,0.15
2026-01-02 17:11:29,SCHD,Put,2026-02-20,27.0,0.2,0.15,0.25,7.47,26.32,5.63,9.03,0.2,56.99,0.2
2026-01-02 17:34:09,SCHD,Put,2026-01-30,27.5,0.25,0.2,0.3,12.97,39.39,12.29,15.69,0.25,57.47,0.25
2026-01-02 17:34:09,SCHD,Put,2026-01-30,27.0,0.15,0.1,0.2,9.02,24.8,7.51,10.91,0.15,57.47,0.15
2026-01-02 17:34:09,SCHD,Put,2026-02-20,27.0,0.2,0.15,0.25,7.47,26.03,5.63,9.03,0.2,57.47,0.2
2026-01-02 17:46:30,SCHD,Put,2026-01-30,27.5,0.2,0.2,0.25,10.94,38.44,9.83,13.23,0.2,57.14,0.22
2026-01-02 17:46:30,SCHD,Put,2026-01-30,27.0,0.15,0.1,0.2,9.02,25.0,7.51,10.91,0.15,57.14,0.15
2026-01-02 17:46:30,SCHD,Put,2026-02-20,27.0,0.2,0.15,0.25,7.47,26.17,5.63,9.03,0.2,57.14,0.2
2026-01-02 18:18:00,SCHD,Put,2026-01-30,27.5,0.2,0.2,0.25,10.94,38.82,9.83,13.23,0.2,56.89,0.22
2026-01-02 18:18:00,SCHD,Put,2026-02-20,27.0,0.2,0.15,0.25,7.47,26.36,5.63,9.03,0.2,56.89,0.2
2026-01-02 18:54:47,SCHD,Put,2026-01-30,27.5,0.2,0.2,0.25,10.94,37.38,9.83,13.23,0.2,57.85,0.22
2026-01-02 18:54:47,SCHD,Put,2026-02-20,27.0,0.2,0.15,0.25,7.47,25.85,5.63,9.03,0.2,57.85,0.2
2026-01-02 19:17:03,SCHD,Put,2026-01-30,27.5,0.2,0.2,0.25,10.94,35.24,9.83,13.23,0.2,59.38,0.22
2026-01-02 19:17:03,SCHD,Put,2026-02-20,27.0,0.2,0.15,0.25,7.47,24.91,5.63,9.03,0.2,59.38,0.2
2026-01-02 19:40:43,SCHD,Put,2026-01-30,27.5,0.2,0.2,0.25,10.94,34.61,9.83,13.23,0.2,59.9,0.22
2026-01-02 19:40:43,SCHD,Put,2026-02-20,27.0,0.15,0.15,0.2,6.3,22.35,4.22,7.62,0.15,59.9,0.18
2026-01-02 20:27:32,SCHD,Put,2026-01-30,27.5,0.2,0.2,0.25,10.94,35.29,9.83,13.23,0.2,59.38,0.22
2026-01-02 20:27:32,SCHD,Put,2026-02-20,27.0,0.15,0.15,0.2,6.3,22.69,4.22,7.62,0.15,59.38,0.18
2026-01-02 20:46:37,SCHD,Put,2026-01-30,27.5,0.2,0.15,0.25,10.94,36.46,9.83,13.23,0.2,58.51,0.2
2026-01-02 20:46:37,SCHD,Put,2026-02-20,27.0,0.15,0.1,0.2,6.3,23.09,4.22,7.62,0.15,58.51,0.15
2026-01-02 21:19:12,SCHD,Put,2026-01-30,27.5,0.2,0.2,0.25,10.94,35.72,9.83,13.23,0.2,59.04,0.22
2026-01-02 21:19:12,SCHD,Put,2026-02-06,27.5,0.25,0.15,0.35,10.88,37.99,9.76,13.16,0.25,59.04,0.25
2026-01-02 21:19:12,SCHD,Put,2026-02-20,27.0,0.15,0.15,0.2,6.3,22.8,4.22,7.62,0.15,59.04,0.18
2026-01-02 21:40:55,SCHD,Put,2026-01-30,27.5,0.2,0.15,0.25,10.94,35.72,9.83,13.23,0.2,59.04,0.2
2026-01-02 21:40:55,SCHD,Put,2026-02-06,27.5,0.25,0.15,0.35,10.88,37.99,9.76,13.16,0.25,59.04,0.25
2026-01-02 21:40:55,SCHD,Put,2026-02-20,27.0,0.2,0.15,0.25,7.47,25.19,5.63,9.03,0.2,59.04,0.2
2026-01-05 15:50:24,SCHD,Put,2026-02-20,27.0,0.15,0.1,0.2,6.54,21.16,4.51,7.91,0.15,62.81,0.15
2026-01-05 16:32:00,SCHD,Put,2026-02-13,27.0,0.15,0.1,0.2,7.22,22.23,5.34,8.74,0.15,61.4,0.15
2026-01-05 16:32:00,SCHD,Put,2026-02-20,27.0,0.15,0.1,0.2,6.54,21.86,4.51,7.91,0.15,61.4,0.15
2026-01-05 17:26:26,SCHD,Put,2026-02-20,27.0,0.15,0.1,0.2,6.54,20.59,4.51,7.91,0.15,63.94,0.15
2026-01-05 17:48:33,SCHD,Put,2026-02-20,27.0,0.15,0.1,0.2,6.54,20.82,4.51,7.91,0.15,63.53,0.15
2026-01-05 18:38:36,SCHD,Put,2026-02-06,27.5,0.15,0.1,0.2,8.12,27.85,6.42,9.82,0.15,63.77,0.15
2026-01-05 18:38:36,SCHD,Put,2026-02-20,27.0,0.15,0.1,0.2,6.54,20.71,4.51,7.91,0.15,63.77,0.15
2026-01-05 19:23:40,SCHD,Put,2026-02-06,27.5,0.15,0.1,0.2,8.12,27.66,6.42,9.82,0.15,63.91,0.15
2026-01-05 19:42:28,SCHD,Put,2026-02-06,27.5,0.15,0.1,0.2,8.12,27.86,6.42,9.82,0.15,63.76,0.15
2026-01-05 20:30:03,SCHD,Put,2026-02-06,27.5,0.15,0.1,0.2,8.12,28.41,6.42,9.82,0.15,63.19,0.15
2026-01-05 20:30:03,SCHD,Put,2026-02-20,27.0,0.15,0.1,0.2,6.54,20.97,4.51,7.91,0.15,63.19,0.15
2026-01-05 20:50:40,SCHD,Put,2026-02-06,27.5,0.15,0.1,0.2,8.12,28.83,6.42,9.82,0.15,62.86,0.15
2026-01-05 20:50:40,SCHD,Put,2026-02-20,27.0,0.15,0.1,0.2,6.54,21.19,4.51,7.91,0.15,62.86,0.15
2026-01-05 21:25:19,SCHD,Put,2026-02-06,27.5,0.15,0.1,0.2,8.12,28.73,6.42,9.82,0.15,62.91,0.15
2026-01-05 21:25:19,SCHD,Put,2026-02-20,27.0,0.15,0.1,0.2,6.54,21.13,4.51,7.91,0.15,62.91,0.15
2026-01-05 21:44:30,SCHD,Put,2026-02-06,27.5,0.15,0.1,0.2,8.12,28.73,6.42,9.82,0.15,62.91,0.15
2026-01-05 21:44:30,SCHD,Put,2026-02-20,27.0,0.15,0.1,0.2,6.54,21.13,4.51,7.91,0.15,62.91,0.15
2026-01-06 15:28:01,SCHD,Put,2026-02-20,28.0,0.25,0.25,0.35,8.93,40.8,7.41,10.81,0.25,66.38,0.3
2026-01-06 16:34:47,SCHD,Put,2026-02-20,28.0,0.3,0.3,0.4,10.16,42.68,8.89,12.29,0.3,65.79,0.35
2026-01-06 17:26:46,SCHD,Put,2026-02-20,28.0,0.3,0.3,0.4,10.16,42.25,8.89,12.29,0.3,66.06,0.35
2026-01-06 17:48:52,SCHD,Put,2026-02-20,28.0,0.25,0.25,0.35,8.93,42.46,7.41,10.81,0.25,65.5,0.3
2026-01-06 18:37:23,SCHD,Put,2026-02-20,28.0,0.25,0.25,0.35,8.93,41.71,7.41,10.81,0.25,65.88,0.3
2026-01-06 19:20:09,SCHD,Put,2026-02-20,28.0,0.25,0.25,0.35,8.93,41.52,7.41,10.81,0.25,65.96,0.3
2026-01-06 19:41:48,SCHD,Put,2026-02-20,28.0,0.25,0.25,0.35,8.93,40.92,7.41,10.81,0.25,66.31,0.3
2026-01-06 19:41:48,SCHD,Put,2026-02-06,27.5,0.15,0.1,0.2,8.3,25.64,6.64,10.04,0.15,66.31,0.15
2026-01-06 20:28:49,SCHD,Put,2026-02-20,28.0,0.3,0.3,0.4,10.16,41.07,8.89,12.29,0.3,66.75,0.35
2026-01-06 20:48:21,SCHD,Put,2026-02-20,28.0,0.3,0.3,0.4,10.16,41.35,8.89,12.29,0.3,66.56,0.35
2026-01-06 21:24:58,SCHD,Put,2026-02-20,28.0,0.3,0.3,0.35,10.16,40.92,8.89,12.29,0.3,66.33,0.32
2026-01-06 21:44:21,SCHD,Put,2026-02-20,28.0,0.3,0.3,0.35,10.16,40.92,8.89,12.29,0.3,66.33,0.32
2026-01-07 15:29:58,SCHD,Put,2026-02-20,28.0,0.3,0.3,0.35,10.33,43.04,9.09,12.49,0.3,64.22,0.32
2026-01-07 15:53:00,SCHD,Put,2026-02-20,28.0,0.3,0.3,0.35,10.33,43.79,9.09,12.49,0.3,63.54,0.32
2026-01-07 16:35:58,SCHD,Put,2026-02-20,28.0,0.25,0.25,0.35,9.08,42.04,7.58,10.98,0.25,65.25,0.3
2026-01-07 17:29:08,SCHD,Put,2026-02-06,28.0,0.25,0.2,0.3,12.1,44.19,11.24,14.64,0.25,64.03,0.25
2026-01-07 17:29:08,SCHD,Put,2026-02-20,28.0,0.3,0.3,0.35,10.33,43.25,9.09,12.49,0.3,64.03,0.32
2026-01-07 17:52:35,SCHD,Put,2026-02-06,28.0,0.25,0.2,0.3,12.1,44.87,11.24,14.64,0.25,63.54,0.25
2026-01-07 17:52:35,SCHD,Put,2026-02-20,28.0,0.3,0.3,0.35,10.33,43.79,9.09,12.49,0.3,63.54,0.32
2026-01-07 19:23:26,SCHD,Put,2026-02-06,27.5,0.15,0.1,0.2,8.49,28.18,6.87,10.27,0.15,61.44,0.15
2026-01-07 19:42:31,SCHD,Put,2026-02-06,27.5,0.15,0.1,0.2,8.49,27.87,6.87,10.27,0.15,61.91,0.15
2026-01-07 20:29:53,SCHD,Put,2026-02-06,27.5,0.15,0.1,0.2,8.49,29.37,6.87,10.27,0.15,59.62,0.15
2026-01-07 20:52:15,SCHD,Put,2026-02-06,27.5,0.15,0.15,0.2,8.49,29.14,6.87,10.27,0.15,59.92,0.18
2026-01-07 21:24:27,SCHD,Put,2026-02-13,27.5,0.2,0.15,0.25,8.91,30.86,7.37,10.77,0.2,60.09,0.2
2026-01-07 21:24:27,SCHD,Put,2026-02-06,27.5,0.15,0.15,0.2,8.49,29.02,6.87,10.27,0.15,60.09,0.18
2026-01-07 21:43:49,SCHD,Put,2026-02-13,27.5,0.2,0.15,0.25,8.91,30.86,7.37,10.77,0.2,60.09,0.2
2026-01-07 21:43:49,SCHD,Put,2026-02-06,27.5,0.15,0.15,0.2,8.49,29.02,6.87,10.27,0.15,60.09,0.18
2026-01-08 15:30:11,SCHD,Put,2026-02-20,28.0,0.25,0.2,0.35,9.23,36.34,7.76,11.16,0.25,66.69,0.28
2026-01-08 15:30:11,SCHD,Put,2026-02-06,27.5,0.15,0.1,0.2,8.69,23.31,7.11,10.51,0.15,66.69,0.15
2026-01-08 15:53:50,SCHD,Put,2026-02-20,28.0,0.25,0.25,0.3,9.23,33.95,7.76,11.16,0.25,67.35,0.28
2026-01-08 15:53:50,SCHD,Put,2026-02-06,27.5,0.15,0.1,0.2,8.69,22.79,7.11,10.51,0.15,67.35,0.15
2026-01-08 15:53:50,SCHD,Put,2026-02-06,28.0,0.15,0.1,0.25,8.58,33.31,6.98,10.38,0.15,67.35,0.18
2026-01-08 15:53:50,SCHD,Put,2026-02-13,27.5,0.15,0.1,0.25,7.51,24.84,5.69,9.09,0.15,67.35,0.18
2026-01-08 16:35:23,SCHD,Put,2026-02-20,28.0,0.25,0.25,0.3,9.23,33.11,7.76,11.16,0.25,67.91,0.28
2026-01-08 16:35:23,SCHD,Put,2026-02-06,28.0,0.15,0.1,0.25,8.58,32.4,6.98,10.38,0.15,67.91,0.18
2026-01-08 16:35:23,SCHD,Put,2026-02-13,27.5,0.15,0.1,0.25,7.51,24.38,5.69,9.09,0.15,67.91,0.18
2026-01-08 17:30:10,SCHD,Put,2026-02-20,28.0,0.25,0.25,0.3,9.23,32.97,7.76,11.16,0.25,68.05,0.28
2026-01-08 17:30:10,SCHD,Put,2026-02-06,28.0,0.15,0.1,0.25,8.58,32.21,6.98,10.38,0.15,68.05,0.18
2026-01-08 17:30:10,SCHD,Put,2026-02-13,27.5,0.15,0.1,0.25,7.51,24.28,5.69,9.09,0.15,68.05,0.18
2026-01-08 17:53:48,SCHD,Put,2026-02-20,28.0,0.25,0.25,0.3,9.23,32.05,7.76,11.16,0.25,68.66,0.28
2026-01-08 17:53:48,SCHD,Put,2026-02-06,28.0,0.15,0.1,0.25,8.58,31.23,6.98,10.38,0.15,68.66,0.18
2026-01-08 17:53:48,SCHD,Put,2026-02-13,27.5,0.15,0.1,0.25,7.51,23.8,5.69,9.09,0.15,68.66,0.18
2026-01-08 18:34:17,SCHD,Put,2026-02-20,28.0,0.25,0.25,0.3,9.23,31.96,7.76,11.16,0.25,68.72,0.28
2026-01-08 18:34:17,SCHD,Put,2026-02-06,28.0,0.15,0.1,0.25,8.58,31.12,6.98,10.38,0.15,68.72,0.18
2026-01-08 19:23:09,SCHD,Put,2026-02-20,28.0,0.25,0.25,0.3,9.23,30.77,7.76,11.16,0.25,69.62,0.28
2026-01-08 19:23:09,SCHD,Put,2026-02-06,28.0,0.15,0.1,0.25,8.58,29.78,6.98,10.38,0.15,69.62,0.18
2026-01-08 19:42:01,SCHD,Put,2026-02-20,28.0,0.25,0.2,0.3,9.23,30.85,7.76,11.16,0.25,69.55,0.25
2026-01-08 19:42:01,SCHD,Put,2026-02-06,28.0,0.15,0.1,0.25,8.58,29.87,6.98,10.38,0.15,69.55,0.18
2026-01-08 20:29:57,SCHD,Put,2026-02-06,28.0,0.15,0.1,0.2,8.58,28.54,6.98,10.38,0.15,68.87,0.15
2026-01-08 20:29:57,SCHD,Put,2026-02-20,28.0,0.2,0.15,0.25,7.94,29.91,6.21,9.61,0.2,68.87,0.2
2026-01-08 20:50:30,SCHD,Put,2026-02-20,28.0,0.25,0.2,0.3,9.23,31.69,7.76,11.16,0.25,68.92,0.25
2026-01-08 20:50:30,SCHD,Put,2026-02-06,28.0,0.15,0.1,0.25,8.58,30.85,6.98,10.38,0.15,68.92,0.18
2026-01-08 21:25:47,SCHD,Put,2026-02-20,28.0,0.25,0.2,0.3,9.23,31.87,7.76,11.16,0.25,68.84,0.25
2026-01-08 21:25:47,SCHD,Put,2026-02-06,28.0,0.15,0.1,0.25,8.58,31.06,6.98,10.38,0.15,68.84,0.18
2026-01-08 21:45:15,SCHD,Put,2026-02-20,28.0,0.25,0.2,0.3,9.23,31.87,7.76,11.16,0.25,68.84,0.25
2026-01-08 21:45:15,SCHD,Put,2026-02-06,28.0,0.15,0.1,0.25,8.58,31.06,6.98,10.38,0.15,68.84,0.18
2026-01-08 21:45:15,SCHD,Put,2026-02-13,27.5,0.15,0.1,0.25,7.51,23.71,5.69,9.09,0.15,68.84,0.18
2026-01-09 15:28:16,SCHD,Put,2026-02-20,28.0,0.25,0.2,0.3,9.38,29.56,7.95,11.35,0.25,70.75,0.25
2026-01-09 15:49:46,SCHD,Put,2026-02-20,28.0,0.2,0.2,0.25,8.07,28.74,6.36,9.76,0.2,69.93,0.22
2026-01-09 16:33:27,SCHD,Put,2026-02-20,28.0,0.2,0.2,0.25,8.07,28.36,6.36,9.76,0.2,70.19,0.22
2026-01-09 17:26:57,SCHD,Put,2026-02-20,28.0,0.2,0.2,0.25,8.07,26.68,6.36,9.76,0.2,71.6,0.22
2026-01-09 17:48:57,SCHD,Put,2026-02-20,28.0,0.2,0.2,0.25,8.07,27.14,6.36,9.76,0.2,71.24,0.22
2026-01-09 18:37:38,SCHD,Put,2026-02-20,28.0,0.2,0.15,0.25,8.07,27.12,6.36,9.76,0.2,71.24,0.2
2026-01-09 19:22:50,SCHD,Put,2026-02-20,28.0,0.15,0.15,0.2,6.75,24.92,4.77,8.17,0.15,71.06,0.18
2026-01-09 19:42:09,SCHD,Put,2026-02-20,28.0,0.15,0.15,0.2,6.75,25.16,4.77,8.17,0.15,70.85,0.18
2026-01-09 20:29:09,SCHD,Put,2026-02-20,28.0,0.15,0.15,0.2,6.75,25.04,4.77,8.17,0.15,70.94,0.18
2026-01-09 20:49:44,SCHD,Put,2026-02-20,28.0,0.15,0.15,0.2,6.75,25.35,4.77,8.17,0.15,70.63,0.18
2026-01-09 21:24:35,SCHD,Put,2026-02-20,28.0,0.15,0.15,0.2,6.75,25.51,4.77,8.17,0.15,70.71,0.18
2026-01-09 21:43:53,SCHD,Put,2026-02-20,28.0,0.2,0.15,0.25,8.07,27.93,6.36,9.76,0.2,70.71,0.2
2026-01-12 13:45:35,SCHD,Put,2026-02-20,28.0,0.2,0.15,0.25,8.48,28.11,6.86,10.26,0.2,70.71,0.2
2026-01-12 14:29:51,SCHD,Put,2026-02-20,28.0,0.2,0.15,0.25,8.48,28.11,6.86,10.26,0.2,70.71,0.2
2026-01-12 14:57:00,SCHD,Put,2026-02-20,28.0,0.2,0.15,0.25,8.48,28.75,6.86,10.26,0.2,69.6,0.2
2026-01-12 15:34:06,SCHD,Put,2026-02-20,28.0,0.2,0.15,0.25,8.48,28.88,6.86,10.26,0.2,69.1,0.2
2026-01-12 16:31:57,SCHD,Put,2026-02-20,28.0,0.2,0.15,0.25,8.48,29.21,6.86,10.26,0.2,68.49,0.2
2026-01-12 17:27:07,SCHD,Put,2026-02-20,28.0,0.2,0.15,0.25,8.48,29.47,6.86,10.26,0.2,68.03,0.2
2026-01-12 17:46:45,SCHD,Put,2026-02-20,28.0,0.2,0.15,0.25,8.48,29.39,6.86,10.26,0.2,68.18,0.2
2026-01-12 18:38:01,SCHD,Put,2026-02-20,28.0,0.2,0.15,0.25,8.48,29.38,6.86,10.26,0.2,68.18,0.2
2026-01-12 19:23:40,SCHD,Put,2026-02-20,28.0,0.2,0.15,0.25,8.48,29.91,6.86,10.26,0.2,67.29,0.2
2026-01-12 19:42:47,SCHD,Put,2026-02-20,28.0,0.2,0.15,0.25,8.48,30.31,6.86,10.26,0.2,66.62,0.2
2026-01-12 20:29:43,SCHD,Put,2026-02-20,28.0,0.2,0.15,0.25,8.48,30.41,6.86,10.26,0.2,66.41,0.2
2026-01-12 20:50:11,SCHD,Put,2026-02-20,28.0,0.2,0.15,0.25,8.48,29.24,6.86,10.26,0.2,68.18,0.2
2026-01-12 21:25:32,SCHD,Put,2026-02-20,28.0,0.2,0.15,0.25,8.48,28.88,6.86,10.26,0.2,69.1,0.2
2026-01-12 21:44:49,SCHD,Put,2026-02-20,28.0,0.2,0.15,0.25,8.48,28.88,6.86,10.26,0.2,69.1,0.2
2026-01-13 15:30:53,SCHD,Put,2026-02-13,28.0,0.15,0.1,0.2,8.2,24.61,6.52,9.92,0.15,71.28,0.15
2026-01-13 15:30:53,SCHD,Put,2026-02-20,28.0,0.15,0.15,0.2,7.18,24.22,5.28,8.68,0.15,71.28,0.18
2026-01-13 15:53:55,SCHD,Put,2026-02-13,28.5,0.25,0.2,0.3,11.63,39.32,10.67,14.07,0.25,71.2,0.25
2026-01-13 15:53:55,SCHD,Put,2026-02-13,28.0,0.15,0.1,0.2,8.2,24.72,6.52,9.92,0.15,71.2,0.15
2026-01-13 15:53:55,SCHD,Put,2026-02-20,28.0,0.15,0.15,0.2,7.18,24.32,5.28,8.68,0.15,71.2,0.18
2026-01-13 16:36:47,SCHD,Put,2026-02-13,28.5,0.25,0.2,0.3,11.63,43.3,10.67,14.07,0.25,69.7,0.25
2026-01-13 16:36:47,SCHD,Put,2026-02-13,28.0,0.15,0.1,0.2,8.2,26.38,6.52,9.92,0.15,69.7,0.15
2026-01-13 16:36:47,SCHD,Put,2026-02-20,28.0,0.15,0.15,0.2,7.18,25.91,5.28,8.68,0.15,69.7,0.18
2026-01-13 17:29:59,SCHD,Put,2026-02-13,28.0,0.15,0.1,0.2,8.2,25.89,6.52,9.92,0.15,70.12,0.15
2026-01-13 17:29:59,SCHD,Put,2026-02-20,28.0,0.15,0.15,0.2,7.18,25.4,5.28,8.68,0.15,70.12,0.18
2026-01-13 17:53:51,SCHD,Put,2026-02-13,28.5,0.25,0.25,0.35,11.63,42.49,10.67,14.07,0.25,70.32,0.3
2026-01-13 17:53:51,SCHD,Put,2026-02-13,28.0,0.15,0.1,0.2,8.2,25.68,6.52,9.92,0.15,70.32,0.15
2026-01-13 17:53:51,SCHD,Put,2026-02-20,28.0,0.15,0.15,0.2,7.18,25.22,5.28,8.68,0.15,70.32,0.18
2026-01-13 18:36:07,SCHD,Put,2026-02-13,28.5,0.25,0.25,0.35,11.63,41.31,10.67,14.07,0.25,70.8,0.3
2026-01-13 18:36:07,SCHD,Put,2026-02-13,28.0,0.15,0.1,0.2,8.2,25.15,6.52,9.92,0.15,70.8,0.15
2026-01-13 18:36:07,SCHD,Put,2026-02-20,28.0,0.15,0.15,0.2,7.18,24.77,5.28,8.68,0.15,70.8,0.18
2026-01-13 19:23:33,SCHD,Put,2026-02-13,28.5,0.25,0.25,0.3,11.63,40.81,10.67,14.07,0.25,70.6,0.28
2026-01-13 19:23:33,SCHD,Put,2026-02-13,28.0,0.15,0.1,0.2,8.2,25.35,6.52,9.92,0.15,70.6,0.15
2026-01-13 19:23:33,SCHD,Put,2026-02-20,28.0,0.15,0.15,0.2,7.18,24.94,5.28,8.68,0.15,70.6,0.18
2026-01-13 19:40:41,SCHD,Put,2026-02-13,28.5,0.25,0.25,0.3,11.63,40.64,10.67,14.07,0.25,70.67,0.28
2026-01-13 19:40:41,SCHD,Put,2026-02-13,28.0,0.15,0.1,0.2,8.2,25.29,6.52,9.92,0.15,70.67,0.15
2026-01-13 19:40:41,SCHD,Put,2026-02-20,28.0,0.15,0.15,0.2,7.18,24.89,5.28,8.68,0.15,70.67,0.18
2026-01-13 20:29:54,SCHD,Put,2026-02-13,28.5,0.25,0.25,0.3,11.63,42.36,10.67,14.07,0.25,70.05,0.28
2026-01-13 20:29:54,SCHD,Put,2026-02-13,28.0,0.15,0.1,0.2,8.2,26.06,6.52,9.92,0.15,70.05,0.15
2026-01-13 20:29:54,SCHD,Put,2026-02-20,28.0,0.15,0.15,0.2,7.18,25.57,5.28,8.68,0.15,70.05,0.18
2026-01-13 20:51:26,SCHD,Put,2026-02-13,28.5,0.25,0.25,0.3,11.63,41.45,10.67,14.07,0.25,70.39,0.28
2026-01-13 20:51:26,SCHD,Put,2026-02-13,28.0,0.15,0.1,0.2,8.2,25.74,6.52,9.92,0.15,70.39,0.15
2026-01-13 20:51:26,SCHD,Put,2026-02-20,28.0,0.15,0.15,0.2,7.18,25.31,5.28,8.68,0.15,70.39,0.18
2026-01-13 21:25:53,SCHD,Put,2026-02-13,28.5,0.25,0.25,0.35,11.63,41.31,10.67,14.07,0.25,70.77,0.3
2026-01-13 21:25:53,SCHD,Put,2026-02-20,28.0,0.15,0.15,0.2,7.18,24.77,5.28,8.68,0.15,70.77,0.18
2026-01-13 21:45:25,SCHD,Put,2026-02-13,28.5,0.25,0.25,0.35,11.63,41.31,10.67,14.07,0.25,70.77,0.3
2026-01-13 21:45:25,SCHD,Put,2026-02-13,28.0,0.15,0.1,0.2,8.2,25.15,6.52,9.92,0.15,70.77,0.15
2026-01-13 21:45:25,SCHD,Put,2026-02-20,28.0,0.15,0.15,0.2,7.18,24.77,5.28,8.68,0.15,70.77,0.18
2026-01-14 15:29:52,SCHD,Put,2026-02-13,28.0,0.15,0.1,0.2,8.39,22.26,6.74,10.14,0.15,73.87,0.15
2026-01-14 15:29:52,SCHD,Put,2026-02-20,28.0,0.15,0.1,0.2,7.3,21.98,5.43,8.83,0.15,73.87,0.15
2026-01-14 15:49:44,SCHD,Put,2026-02-20,28.0,0.15,0.1,0.2,7.3,22.32,5.43,8.83,0.15,73.4,0.15
2026-01-14 16:36:09,SCHD,Put,2026-02-20,28.0,0.15,0.1,0.2,7.3,20.75,5.43,8.83,0.15,75.28,0.15
2026-01-14 17:30:11,SCHD,Put,2026-02-20,28.0,0.15,0.1,0.2,7.3,21.09,5.43,8.83,0.15,74.86,0.15
2026-01-14 17:53:24,SCHD,Put,2026-02-20,28.0,0.15,0.1,0.2,7.3,21.13,5.43,8.83,0.15,74.81,0.15
2026-01-14 19:22:32,SCHD,Put,2026-02-20,29.0,0.4,0.35,0.45,14.37,43.54,13.98,17.38,0.4,76.08,0.4
2026-01-14 19:42:02,SCHD,Put,2026-02-20,29.0,0.3,0.2,0.45,11.48,43.14,10.49,13.89,0.3,76.23,0.32
2026-01-14 20:46:52,SCHD,Put,2026-02-20,28.0,0.15,0.1,0.2,7.3,20.95,5.43,8.83,0.15,74.97,0.15
2026-01-14 21:26:05,SCHD,Put,2026-02-20,29.0,0.35,0.35,0.4,12.93,43.97,12.24,15.64,0.35,75.82,0.38
2026-01-14 21:26:05,SCHD,Put,2026-02-20,28.0,0.15,0.1,0.2,7.3,20.29,5.43,8.83,0.15,75.82,0.15
2026-01-14 21:45:59,SCHD,Put,2026-02-20,29.0,0.3,0.3,0.4,11.48,43.97,10.49,13.89,0.3,75.82,0.35
2026-01-14 21:45:59,SCHD,Put,2026-02-20,28.0,0.15,0.1,0.2,7.3,20.29,5.43,8.83,0.15,75.82,0.15
2026-01-15 15:30:12,SCHD,Put,2026-02-13,28.5,0.2,0.15,0.25,10.37,30.33,9.15,12.55,0.2,72.92,0.2
2026-01-15 15:30:12,SCHD,Put,2026-02-20,28.0,0.15,0.1,0.2,7.43,21.05,5.59,8.99,0.15,72.92,0.15
2026-01-15 15:58:13,SCHD,Put,2026-02-13,28.5,0.2,0.15,0.25,10.37,29.8,9.15,12.55,0.2,74.22,0.2
2026-01-15 16:47:00,SCHD,Put,2026-02-20,29.0,0.35,0.3,0.45,13.22,44.27,12.59,15.99,0.35,75.91,0.38
2026-01-15 16:47:00,SCHD,Put,2026-02-13,28.5,0.15,0.1,0.25,8.48,28.72,6.86,10.26,0.15,75.91,0.18
